,Tweet,Type,Followers,Likes,Retweets
0,Just finished a great book! ğŸ“š Highly recommend [Book Title] for anyone looking for a gripping story.,misc,3478,61,2
1,Monday morning coffee is a lifesaver. â˜•ï¸ #MondayMotivation,misc,7474,68,40
2,Did you know that honey never spoils? It's the only food that can last forever! ğŸ¯ #FunFact,misc,7613,64,71
3,Setting small goals can lead to big achievements. What's one goal you're working on right now? ğŸ’ª,misc,5517,107,59
4,Taking a social media detox this weekend. See you on the other side! ğŸ‘‹ #DigitalDetox,misc,6694,63,35
5,Rainy days are perfect for cozying up with a blanket and a good movie. What's your favorite rainy day movie? â˜”ï¸ğŸ¬,misc,259,62,52
6,"Embrace the journey, not just the destination. #LifeLessons",misc,885,10,30
7,"Grateful for the simple pleasures in life, like a warm hug or a good laugh. What's something that brings you joy? ğŸ˜Š",misc,5084,53,54
8,Trying out a new recipe tonight â€“ wish me luck! ğŸ² #CookingAdventures,misc,1846,74,46
9,"The early bird catches the worm, but the second mouse gets the cheese. ğŸ­ #WednesdayWisdom",misc,8267,60,39
10,Surround yourself with people who inspire and uplift you. ğŸ’– #PositiveVibes,misc,1224,64,34
11,Did you know that laughter is contagious? Tag someone who always makes you laugh! ğŸ˜„,misc,4046,69,48
12,Weekend plans: Netflix and chill. What's your go-to show right now? ğŸ¿ğŸ“º,misc,5472,58,51
13,The best way to predict the future is to create it. #MotivationMonday,misc,5231,0,45
14,Gratitude turns what we have into enough. What are you grateful for today? ğŸ™,misc,4333,60,59
15,Challenge yourself this week â€“ step out of your comfort zone and see what happens. #ChallengeAccepted,misc,877,0,42
16,Nature walks are my therapy. ğŸŒ³ Where's your favorite place to connect with nature?,misc,7115,59,64
17,"Pro tip: When life gives you lemons, make lemonade. ğŸ‹ #Positivity",misc,7866,60,38
18,Learning is a treasure that will follow its owner everywhere. ğŸ“ #EducationMatters,misc,2678,61,44
19,Weekend vibes: Good friends and good food. ğŸ¥‚ #WeekendGoals,misc,7565,63,38
20,"Patience is not the ability to wait, but the ability to keep a good attitude while waiting. #PatienceIsKey",misc,4447,0,42
21,Mindset is everything. Believe in yourself and you will be unstoppable. ğŸ’ª #PositiveMindset,misc,7876,114,25
22,Adventure awaits. Where would you go if you could travel anywhere right now? âœˆï¸ğŸŒ,misc,2295,63,48
23,Cheers to the weekend! ğŸ¥³ What are your plans for relaxation and fun?,misc,7353,74,48
24,The only way to do great work is to love what you do. #Passion,misc,7533,2,46
25,Don't be afraid to start over. It's a chance to build something better. #NewBeginnings,misc,7219,2,43
26,Sometimes the best therapy is a long drive and good music. ğŸš—ğŸ¶ #RoadTrip,misc,8021,62,32
27,Be the reason someone believes in the goodness of people. ğŸ’– #KindnessMatters,misc,6183,61,39
28,What's your favorite quote that always motivates you? Share it below! ğŸ‘‡,misc,9490,65,44
29,"It's okay not to be okay. Remember, you're not alone. Reach out to someone if you need support. ğŸ¤ #MentalHealthMatters",misc,879,44,38
30,"Grind now, shine later. ğŸ’ª #WorkHardPlayHard",misc,1497,111,30
31,Laughter is the shortest distance between two people. Tag someone who always makes you laugh! ğŸ˜„,misc,8817,54,6
32,What's your favorite way to unwind after a long day? #RelaxationTime,misc,6000,3,75
33,The only limit to our realization of tomorrow will be our doubts of today. Believe in yourself! ğŸŒŸ #BelieveInYourself,misc,9317,48,42
34,Surround yourself with people who lift you higher. Tag someone who inspires you! ğŸ’–,misc,5138,75,9
35,Take a moment to appreciate the beauty around you. What's something beautiful you've noticed today? ğŸŒ¸,misc,5623,46,52
36,Life is short; eat dessert first. What's your favorite dessert? ğŸ° #SweetTooth,misc,4161,58,82
37,Choose happiness every day. What's one thing that never fails to make you happy? ğŸ˜Š,misc,4486,64,45
38,"Progress, not perfection. Celebrate the small victories along the way. ğŸ‰ #Success",misc,7186,68,27
39,The best way to predict the future is to create it. What step can you take today to move closer to your goals? ğŸš€,misc,467,60,53
40,Midweek reminder: You're stronger than you think. Keep pushing forward! ğŸ’ª #YouGotThis,misc,5130,114,43
41,Friday feeling: Grateful for the week's challenges and ready for a weekend of relaxation. ğŸ™Œ #WeekendVibes,misc,8837,57,32
42,"Believe you can, and you're halfway there. #PositiveMindset",misc,5255,10,34
43,Life is too short to dwell on negativity. Focus on the positive and watch your life change. #PositiveThinking,misc,1128,0,37
44,Your mindset determines your reality. Choose positivity. ğŸ’« #MindsetMatters,misc,4008,68,27
45,A Sunday well spent brings a week of content. How are you winding down this Sunday? ğŸŒ… #SundayFunday,misc,5143,59,74
46,Life is better when you're laughing. What's the last thing that made you laugh out loud? ğŸ˜‚,misc,6563,61,42
47,Embrace the glorious mess that you are. Imperfections make you unique. ğŸŒŸ #BeYourself,misc,9885,59,44
48,Take a break when you need it. Resting is not quitting. #SelfCare,misc,7561,2,34
49,Life is too short for boring socks. What's the most fun pair of socks you own? ğŸ‘£ #SockGame,misc,9703,61,93
50,The best is yet to come. Keep moving forward with a positive mindset. #Optimism,misc,1499,9,44
51,"Grateful for the journey, excited for the destination. ğŸš€ #LifeAdventure",misc,4844,59,39
52,"Every day may not be good, but there's something good in every day. #SilverLining",misc,1637,5,39
53,Your vibe attracts your tribe. Surround yourself with positivity. âœ¨ #GoodVibesOnly,misc,7346,66,35
54,Adventure is worthwhile in itself. Where will your next adventure take you? ğŸŒ„,misc,1196,63,54
55,"Sunday scaries are real, but so is the promise of a new week and fresh opportunities. #NewWeekNewGoals",misc,3972,0,37
56,"The more you praise and celebrate your life, the more there is in life to celebrate. ğŸ‰ #Gratitude",misc,2233,54,34
57,"Progress is progress, no matter how small. Keep going! ğŸ’ª #Motivation",misc,211,115,43
58,Happiness is homemade. What's your recipe for a happy day? ğŸ˜Š,misc,49,63,42
59,"Life is like a camera. Focus on what's important, capture the good times, develop from the negatives, and if things don't work out, take another shot. ğŸ“· #LifeLessons",misc,9504,54,44
60,It's okay to have a bad day. Tomorrow is a new opportunity for a better one. ğŸŒˆ #Positivity,misc,8647,66,37
61,"Success is not final, failure is not fatal: It is the courage to continue that counts. #KeepTrying",misc,6543,0,31
62,Choose kindness and laugh often. Life is better that way. ğŸ˜„ #KindnessMatters,misc,1179,65,39
63,"Believe in your dreams, and they may come true. Believe in yourself, and they will come true. ğŸŒŸ #DreamBig",misc,2462,61,38
64,Success is not about the destination but the journey. Enjoy every step. ğŸš¶â€â™‚ï¸ğŸš¶â€â™€ï¸ #LifeAdventure,misc,7965,63,45
65,The secret to getting ahead is getting started. What's a goal you're eager to tackle? ğŸ’ª #GoalSetting,misc,4472,91,72
66,Kind words cost nothing. Spread love and positivity wherever you go. ğŸ’• #BeKind,misc,3260,57,42
67,"When in doubt, dance it out! ğŸ’ƒğŸ•º #DanceLikeNoOneIsWatching",misc,4455,69,31
68,Life is too short to wait. Seize the moment and make it memorable! ğŸŒŸ #CarpeDiem,misc,7052,67,37
69,Surround yourself with those who make you happy and lift you higher. ğŸ’– #PositiveVibes,misc,7203,65,40
70,Find joy in the ordinary. What's something simple that always brings you happiness? ğŸ˜Š,misc,6652,59,45
71,Create a life you don't need a vacation from. What's your ideal day like? â˜€ï¸ğŸŒ´ #DreamLife,misc,9444,62,77
72,"Cherish the little moments, for one day you may look back and realize they were the big moments. ğŸŒ· #Gratitude",misc,8197,52,40
73,Don't count the days; make the days count. #LiveInTheMoment,misc,1127,10,48
74,Success is stumbling from failure to failure with no loss of enthusiasm. #KeepTrying,misc,1734,6,29
75,"Your journey is unique, embrace it. Comparison is the thief of joy. ğŸŒˆ #BeYourself",misc,2197,60,32
76,Be the energy you want to attract. What energy are you radiating today? âœ¨ #PositiveEnergy,misc,2985,64,76
77,Turn your wounds into wisdom. Every setback is a setup for a comeback. ğŸ’ª #Resilience,misc,5022,116,29
78,"Life is short, smile while you still have teeth. ğŸ˜ #KeepSmiling",misc,4305,65,39
79,Be the reason someone believes in the goodness of people. ğŸ’– #KindnessMatters,misc,2751,67,40
80,Life is 10% what happens to us and 90% how we react to it. Choose your reactions wisely. ğŸŒŸ #MindsetMatters,misc,8624,55,30
81,"Stay true to yourself, yet always be open to learning. What's the last thing you learned? ğŸ“š #ContinuousLearning",misc,8894,46,86
82,"Inhale confidence, exhale doubt. You've got this! ğŸ’ª #ConfidenceBoost",misc,8992,115,42
83,Take the scenic route. Sometimes the detours lead to the most beautiful views. ğŸ›¤ï¸ #AdventureAwaits,misc,7869,47,33
84,Happiness is not by chance but by choice. What's something that makes you happy today? ğŸ˜Š #ChooseJoy,misc,9360,59,91
85,Surround yourself with positive souls and positive vibes will follow. ğŸ’– #PositiveVibesOnly,misc,4908,65,43
86,Do more things that make you forget to check your phone. ğŸ“µ #DisconnectToReconnect,misc,8317,59,38
87,"Remember: You're not lost, you're just exploring. ğŸ—ºï¸ #LifeAdventure",misc,6927,58,43
88,"Every day may not be good, but there is something good in every day. Find it. ğŸŒˆ #PositiveThinking",misc,4664,55,32
89,"Strive for progress, not perfection. Celebrate the small wins along the way. ğŸ‰ #ProgressOverPerfection",misc,8361,55,34
90,Embrace the uncertainty. Some of the most beautiful chapters in our lives won't have a title until much later. ğŸ“– #LifeJourney,misc,6321,60,42
91,Start each day with a grateful heart. What are you thankful for today? ğŸ™ #Gratitude,misc,2278,57,86
92,Life is a journey that must be traveled no matter how bad the roads and accommodations. ğŸ›¤ï¸âœˆï¸ #LifeAdventure,misc,279,59,33
93,"Be a voice, not an echo. What's something you're passionate about? ğŸ—£ï¸ #SpeakYourMind",misc,2617,60,76
94,Kindness is free; sprinkle it everywhere. ğŸ’• #KindnessMatters,misc,4200,68,33
95,"Let your smile change the world, but don't let the world change your smile. ğŸ˜Š #PositiveVibes",misc,8586,59,41
96,"Your time is limited, so don't waste it living someone else's life. Be yourself. ğŸŒŸ #BeYourself",misc,3291,54,32
97,Sometimes the smallest step in the right direction ends up being the biggest step of your life. #Progress,misc,4167,0,37
98,"Surround yourself with those who see greatness within you, even when you don't see it yourself. ğŸ’– #Support",misc,2592,50,30
99,Life is too short to be anything but happy. ğŸ˜Š #ChooseJoy,misc,3636,62,32
100,Create the life you can't wait to wake up to. What's one step you can take toward that today? ğŸŒ… #DreamBig,misc,3224,46,78
101,Life is an echo. What you send out comes back. What energy are you putting into the world? âœ¨ #PositiveEnergy,misc,5983,61,78
102,Start each day with a positive thought and a grateful heart. ğŸŒ #PositiveMindset,misc,7908,61,36
103,Happiness is an inside job. Don't assign anyone else that much power over your life. ğŸ˜Š #SelfLove,misc,9780,68,38
104,Your vibe attracts your tribe. Surround yourself with those who uplift and inspire you. ğŸ’– #GoodVibesOnly,misc,5201,54,47
105,Be the reason someone smiles today. What's a small act of kindness you can do? ğŸ˜„ #SpreadJoy,misc,3515,56,86
106,"Life is short, make every moment count. What's something you're looking forward to today? ğŸŒŸ #CarpeDiem",misc,7685,45,85
107,Life is too short to be anything but kind. Spread kindness like confetti. ğŸ’– #KindnessMatters,misc,2113,56,42
108,"Chase your dreams, not the competition. Your journey is unique. ğŸš€ #DreamBig",misc,8766,66,40
109,Success is not just about the destination but the lessons learned along the way. ğŸŒŸ #LifeLessons,misc,4004,44,39
110,Every morning is a blank canvas... it's up to you how you paint it. ğŸ¨ #NewDay,misc,3647,60,34
111,The best way to predict the future is to create it. What's your next move? ğŸš€ #FutureGoals,misc,8173,62,85
112,Take a moment to appreciate the beauty of the present. What's something you're grateful for right now? ğŸŒº #Gratitude,misc,2216,55,84
113,Life is an adventure â€“ enjoy the ride! What's your favorite adventure so far? ğŸŒ„ #AdventureTime,misc,3184,69,78
114,Your smile is your greatest accessory. Don't forget to wear it today. ğŸ˜Š #SmileMore,misc,5848,63,38
115,"Success is a journey, not a destination. Enjoy the process. ğŸ’ª #JourneyToSuccess",misc,1545,117,44
116,Surround yourself with positive people who lift you higher. ğŸ’– #PositiveVibesOnly,misc,4440,61,36
117,Embrace the glorious mess that you are. Imperfections make you unique. ğŸŒŸ #BeYourself,misc,4596,64,41
118,Life is too short to worry about what others think. Be true to yourself. ğŸ’™ #Authenticity,misc,9080,63,39
119,Challenge yourself to grow a little more each day. What's one thing you want to improve on? ğŸŒ± #PersonalGrowth,misc,6149,60,84
120,"Happiness is not in things, it's in moments. What's a recent moment that brought you joy? ğŸ˜Š #SimplePleasures",misc,649,57,92
121,Sometimes the best adventures are the unplanned ones. What's your favorite spontaneous moment? ğŸš— #Spontaneity,misc,3361,47,89
122,Your energy is contagious. Surround yourself with positivity and watch your life change. âœ¨ #PositiveEnergy,misc,9375,57,42
123,"Believe you can, and you're halfway there. #PositiveMindset",misc,8797,5,32
124,The only way to do great work is to love what you do. Find your passion. ğŸŒŸ #Passion,misc,4322,65,34
125,Life is too short for regrets. What's one thing you've learned from a past mistake? #LifeLesson,misc,1576,0,78
126,Cherish the people who make your heart smile. Tag someone who brightens your day! ğŸ˜„ #GratefulHeart,misc,1745,53,37
127,"Create a life that feels good on the inside, not just one that looks good on the outside. ğŸ’– #InnerPeace",misc,4535,60,44
128,Be kinder to yourself. You're doing the best you can. ğŸ’™ #SelfLove,misc,4741,57,36
129,Success is the sum of small efforts repeated day in and day out. What small effort can you make today? ğŸ’ª #Consistency,misc,6907,108,85
130,"Life is a journey, not a race. Take it one step at a time. ğŸš¶â€â™‚ï¸ğŸš¶â€â™€ï¸ #SlowAndSteady",misc,5443,62,41
131,Your vibe attracts your tribe. Surround yourself with those who support and inspire you. ğŸ’– #PositiveVibes,misc,9594,41,38
132,Start each day with a grateful heart and a positive mindset. ğŸŒ #Gratitude,misc,716,59,31
133,Be the reason someone believes in the goodness of people. ğŸ’™ #KindnessMatters,misc,3209,67,33
134,Your potential is endless. Don't limit yourself. What's something you once thought impossible but achieved? ğŸŒŸ #UnlimitedPotential,misc,5703,53,91
135,Success is not just about reaching goals but enjoying the journey along the way. ğŸŒ„ #EnjoyTheProcess,misc,7924,56,41
136,Your attitude determines your direction. Keep it positive. ğŸ’« #PositiveAttitude,misc,5965,65,45
137,Take time to recharge. What's your favorite way to relax and unwind? ğŸŒ¿ #SelfCare,misc,1503,65,80
138,Life is 10% what happens to us and 90% how we react to it. Choose your reactions wisely. ğŸŒˆ #MindsetMatters,misc,1570,53,29
139,Surround yourself with those who make you happy and support your dreams. ğŸ’– #DreamTeam,misc,3479,56,30
140,Make yourself a priority. It's not selfish; it's necessary. ğŸ’™ #SelfCare,misc,2201,66,42
141,Believe in the magic within you. What's something you've accomplished that felt like magic? âœ¨ #BelieveInMagic,misc,6791,40,78
142,"Life is short; break the rules, forgive quickly, kiss slowly, love truly, laugh uncontrollably. ğŸŒŸ #LiveFully",misc,479,52,39
143,Your future self will thank you for the decisions you make today. What's a positive choice you can make right now? ğŸŒˆ #FutureSelf,misc,7617,47,76
144,Success is not just about reaching the destination but enjoying the journey along the way. ğŸš€ #EnjoyTheProcess,misc,2032,37,37
145,Life is short; eat dessert first. What's your favorite dessert? ğŸ° #SweetTooth,misc,4162,61,86
146,"Kindness is like a boomerang. What you give, you get back. ğŸ’– #SpreadLove",misc,3868,68,33
147,Be someone's sunshine when their skies are gray. Tag a person who brightens your day! â˜€ï¸ #Sunshine,misc,8503,46,36
148,Every small positive change we make in ourselves repays us in confidence in the future. ğŸ’ª #PositiveChange,misc,5019,112,47
149,Be present in all things and thankful for all things. What's something you're thankful for today? ğŸ™ #Mindfulness,misc,3520,51,75
150,Success is not the key to happiness. Happiness is the key to success. What brings you happiness? ğŸ˜Š #KeyToSuccess,misc,5908,46,88
151,Life is too short to be anything but happy. Choose joy. ğŸ˜„ #ChooseJoy,misc,802,60,32
152,Success is not final; failure is not fatal: It's the courage to continue that counts. ğŸ’ª #KeepGoing,misc,5662,114,30
153,Surround yourself with people who see your value and remind you of it. ğŸ’– #KnowYourWorth,misc,1642,59,37
154,"Chase your dreams, not perfection. Embrace the journey. ğŸŒŸ #DreamBig",misc,3383,63,33
155,Believe in yourself and all that you are. You are capable of amazing things. ğŸŒˆ #BelieveInYourself,misc,2719,53,37
156,"Success is liking yourself, liking what you do, and liking how you do it. ğŸ’™ #SelfLove",misc,2555,66,31
157,"Life is a journey, and only you hold the map. Where will your next adventure take you? ğŸ—ºï¸ #LifeAdventure",misc,9699,53,85
158,Just discovered the joy of breakfast for dinner. Pancakes at 8 PM? Why not! ğŸ¥ğŸŒ™,misc,5741,65,56
159,Note to self: Buy more coffee. Running on fumes is not a sustainable lifestyle. â˜•ï¸ğŸ˜´,misc,3576,64,4
160,Spent the whole afternoon organizing my sock drawer. Adulting level: Expert. ğŸ‘ŸğŸ§¦ #SockGameStrong,misc,6144,46,37
161,"Trying to adult today, but my bed keeps calling my name. ğŸ˜´ğŸ’¤ #AdultingStruggles",misc,7317,64,28
162,Lost my keys again. Retracing my steps like a detective in my own life. ğŸ”ğŸ—ï¸,misc,3544,61,0
163,Suddenly craving ice cream. Is there a 'midnight dessert delivery' service? ğŸ¦ğŸŒŒ,misc,6249,59,61
164,Thinking about all the chores I should be doing while binge-watching my favorite show. ğŸ“ºğŸ• #ProcrastinationQueen,misc,3253,48,34
165,Woke up early with the intention of being productive. Ended up scrolling through memes for an hour. ğŸ˜…ğŸ“±,misc,7979,40,2
166,Finally conquered the pile of laundry that's been staring at me for a week. Achievement unlocked! ğŸ‘šğŸ‘–,misc,9180,55,5
167,Had a full conversation with my pet as if they understand every word. Pretty sure they do. ğŸ¾â¤ï¸ #PetTalks,misc,9388,49,35
168,"Trying to adult, but my idea of a balanced meal is pizza in each hand. ğŸ•ğŸ‘ #AdultingProblems",misc,4373,59,40
169,Spent an hour looking for my glasses. Realized I was wearing them the whole time. ğŸ¤“ğŸ”,misc,8338,61,14
170,"Decided to cook a fancy dinner. Ended up ordering takeout. Best-laid plans, right? ğŸ½ï¸ğŸš— #ChefFail",misc,8321,44,78
171,"Thought about going to the gym. Ended up taking a nap. Close enough, right? ğŸ’ªğŸ˜´",misc,6568,114,54
172,Saw a spider in the bathroom. Summoned the courage to deal with it but ended up adopting it as a roommate. ğŸ•·ï¸ğŸ ,misc,6788,56,13
173,Trying to adult like a responsible human being. Forgot my lunch at home. Thank goodness for snack stashes. ğŸğŸ¥¨,misc,8646,55,3
174,Spent the evening rearranging furniture for a 'new perspective.' Now regretting every decision. ğŸ›‹ï¸ğŸ˜…,misc,1999,57,2
175,Started a new hobby today. Accidentally bought all the supplies but haven't touched them yet. ğŸ¨ğŸ¤·â€â™€ï¸ #ImpulseBuy,misc,9406,65,31
176,Went to bed early with the intention of getting a good night's sleep. Ended up watching cat videos until 2 AM. ğŸŒ™ğŸ±,misc,6664,42,8
177,"Bought a plant to prove I can keep something alive. It's been a week, and I'm already nervous. ğŸŒ¿ğŸ˜¬",misc,7866,54,3
178,Got dressed up with nowhere to go. Decided to take myself out for a fancy dinner in my own living room. ğŸğŸ•¯ï¸,misc,7246,66,7
179,Accidentally liked an old photo while stalking someone on social media. Panic mode: Activated. ğŸ˜³ğŸ•µï¸â€â™‚ï¸,misc,2588,47,11
180,Told myself I'd start a new book tonight. Ended up binge-watching a TV series instead. ğŸ“šğŸ¿,misc,2890,61,9
181,Spent an hour composing the perfect tweet. Deleted it because overthinking is a way of life. ğŸ¤”ğŸ—‘ï¸,misc,4813,58,12
182,"Ordered a salad for lunch. Added extra cheese and croutons. Balanced diet, right? ğŸ¥—ğŸ§€",misc,1891,67,51
183,Scheduled a 'me time' day. Spent it scrolling through memes and taking naps. Best day ever. ğŸ˜ŒğŸ’¤,misc,696,41,13
184,Accidentally sent a text to the wrong person. Trying to come up with a believable excuse. ğŸ“±ğŸ¤·â€â™‚ï¸,misc,1207,60,4
185,"Bought a fancy planner to get my life together. Haven't used it yet, but it looks nice on my desk. ğŸ“…ğŸ’â€â™€ï¸",misc,1553,64,1
186,Decided to go for a run. Ended up walking to the nearest ice cream shop. Close enough. ğŸƒâ€â™€ï¸ğŸ¦,misc,7895,48,14
187,Spent the day decluttering my space. Realized I have a sentimental attachment to every item. ğŸ§¹ğŸ¤·â€â™‚ï¸ #ClutterLove,misc,6022,48,36
188,Thought about adulting. Ordered pizza instead. No regrets. ğŸ•ğŸ¤˜,misc,6526,56,6
189,Went grocery shopping for healthy food. Left with snacks and chocolate. Oops. ğŸ›’ğŸ«,misc,6542,66,4
190,Accidentally used salt instead of sugar in my morning coffee. It's a bold start to the day. â˜•ï¸ğŸ˜¬,misc,6312,63,15
191,Got excited about a new hobby. Spent a small fortune on supplies. Now questioning all life choices. ğŸ¤‘ğŸ¨,misc,8781,67,14
192,Planned a productive weekend. Ended up binge-watching an entire TV series. #WeekendGoals,misc,5368,6,40
193,Started a DIY project. Now drowning in a sea of craft supplies and regret. ğŸ¨ğŸŠâ€â™‚ï¸ #CraftingChaos,misc,6576,42,41
194,Decided to cook a fancy dinner. Burned the pasta. Emergency takeout it is. ğŸğŸ”¥ #CookingFail,misc,1584,62,37
195,"Set multiple alarms to wake up early. Slept through all of them. Mondays, am I right? â°ğŸ˜´",misc,3126,58,52
196,Spent an hour choosing the perfect filter for a selfie. Still not satisfied. #FilterDilemmas,misc,8874,0,38
197,Bought a fitness tracker to motivate myself. It's been sitting on my desk for a month. ğŸ‹ï¸â€â™‚ï¸ğŸ¤·â€â™€ï¸ #FitnessGoals,misc,7249,38,45
198,Tried to impress someone by cooking a meal. Set off the smoke detector. Romance level: Expert. ğŸ³ğŸš¨,misc,88,44,3
199,Decided to adult and do taxes. Ended up organizing my bookshelf by color. Priorities. ğŸ“šğŸŒˆ,misc,3724,62,11
200,Attempted a new recipe. Burned the kitchen. Fire extinguisher skills: Acquired. ğŸ”¥ğŸš’,misc,7555,65,4
201,Spent an hour looking for my phone. It was in my hand the whole time. Classic Monday. ğŸ“±ğŸ¤¦â€â™‚ï¸,misc,7275,57,8
202,"Opened the fridge, stared for five minutes, closed it, and ordered food. Decision-making level: Pro. ğŸ”ğŸ¤”",misc,6403,55,10
203,Thought about going for a run. Watched a documentary about running instead. Close enough. ğŸƒâ€â™‚ï¸ğŸ¬,misc,5354,63,2
204,Decided to embrace a minimalist lifestyle. Bought more storage bins to organize my stuff. ğŸ“¦ğŸ¤·â€â™€ï¸ #MinimalismFail,misc,7285,59,29
205,Accidentally sent a text complaining about someone to that exact person. Awkward level: Maximum. ğŸ˜³ğŸ¤,misc,2619,43,7
206,Spent an hour on a detailed to-do list. Accomplished one thing and rewarded myself with a nap. ğŸ˜´ğŸ“,misc,744,56,3
207,Went to bed early for a good night's sleep. Spent the night planning my future bakery. ğŸğŸŒ™ #BakeryDreams,misc,153,52,32
208,Forgot to charge my phone overnight. Woke up to 1% battery. Monday is off to a great start. ğŸ“±ğŸ”‹,misc,715,45,10
209,Enjoying a cup of coffee to kickstart the day. â˜•ï¸ #MorningRituals,misc,1410,67,32
210,Lost in a good book. ğŸ“š #BookLover,misc,1527,64,43
211,Exploring new recipes in the kitchen. ğŸ³ğŸ‘©â€ğŸ³ #CookingAdventures,misc,3396,65,38
212,Sunday chill vibes. ğŸŒğŸ¶ #LazyDay,misc,71,58,48
213,Time for a digital detox. ğŸ“µ #Unplug,misc,9479,67,32
214,Working on a passion project. ğŸ’»ğŸ¨ #CreativityFlow,misc,7409,68,40
215,Outdoor adventure awaits! ğŸŒ²â›°ï¸ #ExploreNature,misc,3041,62,33
216,Feeling grateful for the little things. ğŸŒ¼ #Gratitude,misc,7524,61,46
217,Ready for a movie night marathon. ğŸ¿ğŸ¬ #MovieTime,misc,3160,56,44
218,Embarking on a fitness journey. ğŸ’ªğŸ‹ï¸â€â™€ï¸ #FitnessGoals,misc,6945,111,46
219,Sunny days and beach vibes. ğŸ–ï¸ğŸŒŠ #BeachLife,misc,2246,67,40
220,Trying out a new hobby. ğŸ¸ğŸ¨ #HobbyTime,misc,751,66,35
221,Quality time with furry friends. ğŸ¾â¤ï¸ #PetLove,misc,4134,59,35
222,Getting lost in the world of podcasts. ğŸ™ï¸ğŸ§ #PodcastLife,misc,8286,61,26
223,Finding joy in simple pleasures. ğŸŒˆ #LifeIsBeautiful,misc,444,58,32
224,Virtual hangout with friends. ğŸ“±ğŸ‘« #FriendshipGoals,misc,1277,63,41
225,Tech woes and troubleshooting. ğŸ¤”ğŸ’» #TechSupport,misc,4244,60,38
226,Reflecting on life's journey. ğŸŒŒğŸ¤” #DeepThoughts,misc,6048,61,43
227,Midweek motivation needed. â˜•ï¸ğŸ’ª #HumpDayVibes,misc,9901,118,32
228,Digital art therapy. ğŸ–Œï¸ğŸ¨ #ArtisticSoul,misc,4351,61,43
229,Mindfulness meditation session. ğŸ§˜â€â™‚ï¸ğŸŒ¿ #Mindfulness,misc,9518,61,29
230,Rainy day cozy vibes. â˜”ğŸ“– #RainyDays,misc,1267,66,36
231,Trying a new workout routine. ğŸ‹ï¸â€â™‚ï¸ğŸ’¦ #FitnessJourney,misc,8797,65,46
232,Planning the next travel adventure. ğŸŒâœˆï¸ #Wanderlust,misc,5300,65,36
233,Late-night gaming session. ğŸ®ğŸŒ™ #GamerLife,misc,2970,63,31
234,Jazzing up the home decor. ğŸ›‹ï¸ğŸŒŸ #InteriorDesign,misc,3460,57,36
235,Backyard gardening project. ğŸŒ±ğŸŒ¸ #GreenThumb,misc,3172,65,40
236,Catching up on a favorite TV series. ğŸ“ºğŸ¿ #TVTime,misc,2470,64,37
237,Healthy meal prep underway. ğŸ¥—ğŸ´ #HealthyLiving,misc,8316,60,49
238,Friday night vibes. ğŸ‰ğŸ¥‚ #WeekendReady,misc,7429,61,33
239,Tech gadgets exploration day. ğŸ¤–ğŸ” #GadgetGeek,misc,6148,62,33
240,Sunset views and serenity. ğŸŒ…ğŸ§˜ #PeacefulMoments,misc,8672,62,27
241,DIY home organization spree. ğŸ§¹ğŸ“¦ #Decluttering,misc,8512,64,32
242,Feeling the beat in a dance workout. ğŸ’ƒğŸµ #DanceFitness,misc,2906,62,29
243,Experimenting with a new hairstyle. ğŸ’‡ğŸŒˆ #HairGoals,misc,8420,60,47
244,Celebrating small wins. ğŸ‰ğŸ™Œ #SuccessJourney,misc,5860,65,43
245,Mind-bending puzzle challenge. ğŸ§©ğŸ¤¯ #BrainTeaser,misc,8032,63,38
246,Capturing memories with photography. ğŸ“¸ğŸŒº #PhotographyLove,misc,2583,64,32
247,Sunday brunch indulgence. ğŸ¥‘ğŸ¥ #BrunchTime,misc,175,66,36
248,Connecting with old friends. ğŸ“ğŸ‘¥ #FriendshipForever,misc,736,64,35
249,Setting personal goals for the month. ğŸ“…ğŸ¯ #GoalSetting,misc,2858,63,36
250,Virtual museum tour exploration. ğŸ›ï¸ğŸ–¼ï¸ #ArtAppreciation,misc,2260,61,45
251,Sunrise yoga for positive vibes. ğŸŒ…ğŸ§˜â€â™€ï¸ #YogaLife,misc,8541,67,42
252,New tech gadget obsession. ğŸ¤©ğŸ”§ #TechEnthusiast,misc,2500,59,26
253,Road trip essentials checklist. ğŸš—ğŸŒ„ #RoadTripReady,misc,281,68,36
254,Creative writing time. ğŸ“âœ¨ #WritingCommunity,misc,8900,70,37
255,Attempting a new baking recipe. ğŸ°ğŸ‘©â€ğŸ³ #BakingAdventures,misc,7326,60,35
256,Unboxing surprise package excitement. ğŸ“¦ğŸ #HappyMail,misc,9725,67,47
257,Morning workout done! ğŸ’ªğŸŒ… #FitnessMotivation,misc,1829,122,30
258,Facing challenges head-on today. Ready to conquer! ğŸ’ªğŸš€ #Strength,misc,627,125,37
259,Embracing a positive mindset for a powerful day. Let's crush it! ğŸ’ªğŸ˜Š #PositiveVibes,misc,2051,114,39
260,Every setback is a setup for a comeback. Stay strong! ğŸ’ªğŸ”¥ #Resilience,misc,796,121,38
261,Channeling inner strength for a productive workday. Let's hustle! ğŸ’ªğŸ’¼ #Productivity,misc,6252,121,36
262,Turning obstacles into opportunities. Strength in adversity! ğŸ’ªğŸŒˆ #Overcome,misc,3901,110,30
263,Taking control of my goals. Determination level: ğŸ’ªğŸ’¯ #GoalGetter,misc,6945,121,46
264,Monday motivation: Be unstoppable. Stay strong! ğŸ’ªğŸ‘Š #MondayMotivation,misc,8335,124,35
265,"Mindset is everything. Strong mind, strong life! ğŸ’ªğŸ§  #MindsetMatters",misc,8065,122,49
266,Focused on growth and progress. Stronger every day! ğŸ’ªğŸ“ˆ #PersonalDevelopment,misc,7859,118,34
267,Positive habits build strong foundations. Cultivate positivity! ğŸ’ªğŸŒ± #Positivity,misc,6160,119,31
268,Empowering others empowers yourself. Lift each other up! ğŸ’ªğŸ¤ #Empowerment,misc,5611,120,42
269,Setting boundaries is a sign of strength. Protect your peace! ğŸ’ªğŸš« #SelfCare,misc,7504,117,46
270,Inner strength is a superpower. Activate it! ğŸ’ªğŸ’¥ #InnerStrength,misc,9757,122,40
271,Fueling my body with nutritious choices. Healthy inside and out! ğŸ’ªğŸ¥¦ #HealthyLiving,misc,524,116,38
272,Small steps lead to big achievements. Stay consistent! ğŸ’ªğŸš¶â€â™‚ï¸ #Consistency,misc,6058,121,29
273,Facing fears and embracing growth. Strength in vulnerability! ğŸ’ªğŸŒ± #FaceYourFears,misc,2295,122,34
274,Pushing beyond comfort zones today. Breakthroughs happen outside! ğŸ’ªğŸŒŸ #GrowthMindset,misc,1211,124,37
275,"Work hard, stay humble. Strength in humility! ğŸ’ªğŸ™Œ #HumbleAndHungry",misc,4534,123,38
276,"Physical strength is a journey, not a destination. Keep going! ğŸ’ªğŸ‹ï¸â€â™€ï¸ #FitnessJourney",misc,4938,122,32
277,Rising stronger after each fall. Resilience is my superpower! ğŸ’ªğŸ¦¸â€â™€ï¸ #RiseStrong,misc,3267,120,34
278,"Mind, body, soul - aligned and strong. Harmony is power! ğŸ’ªğŸŒŒ #Balance",misc,6452,120,33
279,"Celebrating progress, no matter how small. Every step counts! ğŸ’ªğŸ‰ #Progress",misc,5047,112,29
280,Self-love is a foundation of strength. Embrace your worth! ğŸ’ªâ¤ï¸ #SelfLove,misc,9588,118,33
281,Fueling the fire within. Passion and determination burning bright! ğŸ’ªğŸ”¥ #PassionPower,misc,881,121,46
282,Game day vibes! Ready to give it my all on the field. Let's do this! âš½ï¸ğŸ€ #GameDay,sports,7295,134,37
283,"The greatest glory in living lies not in never falling, but in rising every time we fall. ğŸ’ª #SportsMotivation",sports,2752,183,35
284,Teamwork makes the dream work. Shoutout to my teammates for always having my back! ğŸ¤ #TeamSpirit,sports,9321,132,33
285,Hard work beats talent when talent doesn't work hard. Time to put in that extra effort! ğŸ’¯ #HardWorkPaysOff,sports,6362,141,30
286,"On the court, every setback is a setup for a comeback. Ready to bounce back stronger! ğŸğŸ”¥ #ComebackSeason",sports,2337,138,48
287,Champions keep playing until they get it right. Practice makes perfect. ğŸ† #PracticeMakesPerfect,sports,7179,121,46
288,The only way to do great work is to love what you do. And I absolutely love this game! âš¾ï¸â¤ï¸ #PassionForSports,sports,4860,132,43
289,Success is where preparation and opportunity meet. Time to prepare for greatness! ğŸ¥‹ğŸ’¼ #PreparationIsKey,sports,4190,147,35
290,"No excuses, just results. It's grind time! ğŸ’ª #SportsGrind",sports,4822,198,45
291,Every strike brings me closer to the next home run. Baseball is a game of patience and precision. âš¾ï¸ #BaseballLife,sports,9418,126,50
292,Fueling up for a workout session. Proper nutrition is key to peak performance! ğŸ¥¦ğŸ‹ï¸â€â™‚ï¸ #FuelYourBody,sports,23,138,46
293,"Set goals, crush them, repeat. What sports goals are you currently working towards? ğŸ¯ #SportsGoals",sports,6169,122,90
294,Taking it one game at a time. Focus on the present moment. ğŸˆ #GameMindset,sports,3223,136,36
295,"The more difficult the victory, the greater the happiness in winning. Ready to overcome challenges! ğŸ†ğŸ‹ï¸â€â™€ï¸ #VictoryMindset",sports,8290,130,38
296,Champions are made in the off-season. Time to put in the work when no one is watching! ğŸ’ªğŸ€ #OffSeasonGrind,sports,1372,177,38
297,Every practice is a step towards perfection. Perfect practice makes perfect performance. ğŸ“ğŸ”„ #PracticePerfection,sports,8900,129,49
298,"Enjoying the process of becoming the best version of myself, on and off the field. ğŸŒŸ #ContinuousImprovement",sports,4926,133,48
299,"The field is my canvas, and every play is a stroke of art. Creativity meets strategy in sports. âš½ï¸ğŸ¨ #SportsArtistry",sports,2199,118,45
300,"Embracing the grind, one workout at a time. Discipline is the bridge between goals and accomplishments. ğŸ‹ï¸â€â™‚ï¸ğŸ‘Š #Discipline",sports,7176,114,38
301,Sportsmanship is more important than the final score. Respect for opponents makes the game beautiful. ğŸ¤ğŸ€ #Sportsmanship,sports,1201,128,42
302,"In the game of life, I play to win. What's your winning mentality? ğŸ† #WinningMindset",sports,4446,131,79
303,Pushing my limits and breaking barriers. Sports teach us that we are stronger than we think. ğŸ’ªğŸŒŸ #Limitless,sports,6205,182,34
304,Mindset is everything in sports. Positive thoughts lead to powerful performances. ğŸ§ ğŸ’¥ #PositiveMindset,sports,5372,112,48
305,"Striving for greatness, on and off the field. Excellence is a habit. ğŸ¹ğŸš´â€â™‚ï¸ #GreatnessWithin",sports,5505,127,43
306,"The pitch is my playground, and I play with passion. Football is more than a game; it's a lifestyle. âš½ï¸â¤ï¸ #FootballLife",sports,2555,132,50
307,Sports teach us resilience. Every setback is a setup for a comeback. Ready to bounce back stronger! ğŸ€ğŸ’ª #Resilience,sports,9460,173,32
308,Fueling the fire within. Motivated to give my best in every practice and game. ğŸ”¥ğŸˆ #MotivationMonday,sports,3342,127,42
309,Sports bring people together. Grateful for the camaraderie and friendships formed on the field. ğŸ¤ğŸ #SportsCommunity,sports,4069,127,32
310,"In sports, the effort you put in during practice determines your success in the game. Practice with purpose! ğŸ¯ğŸ‘ #PurposefulPractice",sports,5167,117,42
311,Embracing the grind because I know it leads to success. Hard work pays off! ğŸ’ªğŸ‹ï¸â€â™€ï¸ #SuccessInGrind,sports,4843,181,44
312,Game on! Ready to leave it all on the court. Let's make it a victory to remember! ğŸ¾ğŸ† #VictoryGoals,sports,1090,123,41
313,"Sports teach us discipline, dedication, and determination. Lessons that go beyond the playing field. ğŸ…ğŸŒŸ #LifeSkills",sports,6839,123,32
314,"Fueling the body, training the mind. Preparation is the key to peak performance. ğŸ¥—ğŸ§  #PreparationIsPower",sports,113,118,49
315,"On the track, every step counts. Running towards my goals, one stride at a time. ğŸƒâ€â™‚ï¸ğŸ’¨ #TrackAndField",sports,8092,113,37
316,"Success is not an accident. It's the result of hard work, dedication, and a passion for what you do. ğŸ€ğŸ’¯ #SuccessFormula",sports,48,126,35
317,Defeat is a state of mind; no one is ever defeated until defeat has been accepted as a reality. ğŸ¤¼â€â™‚ï¸ğŸ’­ #MentalToughness,sports,463,132,33
318,Sports are a journey of self-discovery. Finding strength and resilience in every challenge. ğŸš´â€â™€ï¸ğŸ’ª #SelfDiscovery,sports,2960,168,36
319,Game face on! Ready to conquer the challenges ahead. Let's do this! ğŸ’ğŸ”¥ #GameFace,sports,8600,145,42
320,"Winning is not everything, but wanting to win is. The desire for success fuels the journey. ğŸğŸ† #WinningDesire",sports,3226,123,48
321,"Sports teach us to strive for progress, not perfection. Improvement is a continuous journey. ğŸ”„ğŸ€ #ProgressOverPerfection",sports,9551,118,40
322,"In sports, every setback is a setup for a comeback. Ready to bounce back stronger! ğŸ¥‹ğŸ’ª #ComebackStrong",sports,3244,181,42
323,"Fueling the passion for the game with hard work and dedication. Success is earned, not given. âš½ï¸ğŸ€ #PassionAndDedication",sports,6820,115,35
324,"The gym is my playground, and every rep is a step towards greatness. Let's lift and conquer! ğŸ‹ï¸â€â™‚ï¸ğŸ’ª #GymMotivation",sports,4448,170,32
325,Chasing dreams and breaking barriers on the track. The only limits are the ones we set for ourselves. ğŸƒâ€â™€ï¸ğŸŒŸ #DreamChaser,sports,1302,125,37
326,Teamwork makes the dream work. Shoutout to my teammates for the camaraderie and shared victories! ğŸğŸ¤ #TeamSpirit,sports,5846,127,93
327,Game day is the best day. Ready to give it my all and leave everything on the field. Let's go! ğŸˆğŸ”¥ #GameDay,sports,2396,129,28
328,"Success is not given; it's earned. Hard work, dedication, and a love for the game pave the way to victory. ğŸ€ğŸ’ª #EarnedSuccess",sports,1052,173,36
329,"Dream big, train hard, stay focused. Success in sports is the result of dedication and determination. ğŸŒŸğŸ’ª #DreamBig",sports,6335,179,28
330,"Sportsmanship is the essence of the game. Win or lose, respect for opponents is what makes it beautiful. ğŸ¤ğŸ€ #Sportsmanship",sports,9667,137,47
331,Every setback is a setup for a comeback. Challenges in sports are opportunities to rise stronger. ğŸ’ªğŸ”¥ #ComebackStronger,sports,6673,176,46
332,"The court is my canvas, and every move is a stroke of strategy. Sports is an art of precision and skill. ğŸ¨ğŸ“ #SportsArt",sports,7870,131,50
333,Fueling up for success with the right mindset and proper nutrition. It's all about preparation! ğŸ¥¦ğŸ‹ï¸â€â™‚ï¸ #PrepareToWin,sports,7422,122,39
334,Sports teach us resilience. Bouncing back from defeats is the key to long-term success. ğŸ€ğŸ’ª #ResilientMindset,sports,6628,172,34
335,Enjoying the journey of self-improvement. Every practice is a step towards becoming a better athlete. ğŸ‹ï¸â€â™€ï¸ğŸ”„ #ContinuousImprovement,sports,5511,122,41
336,Success in sports requires a winning mentality. Visualize your goals and go after them. ğŸ†ğŸ¯ #WinningMindset,sports,3025,127,36
337,Hard work is the secret to success in sports. Every drop of sweat is an investment in victory. ğŸ’¦ğŸ’¯ #HardWorkPaysOff,sports,114,127,38
338,Team spirit is the heartbeat of every successful team. Celebrate victories together and support in defeats. ğŸ¤ğŸ #TeamSpirit,sports,6496,122,41
339,Chasing excellence in every stride. The track is where determination meets speed. ğŸƒâ€â™‚ï¸ğŸ’¨ #TrackAndField,sports,1647,119,42
340,"In the game of life, play with passion. Sports is a celebration of the love for the game. âš½ï¸â¤ï¸ #PassionForSports",sports,6409,112,39
341,"Success is a journey, not a destination. Enjoy the process of becoming the best version of yourself. ğŸŒŸğŸ‹ï¸â€â™€ï¸ #JourneyToSuccess",sports,9032,128,36
342,Embrace the grind because greatness is forged in the crucible of hard work. ğŸ’ªğŸ”¥ #GrindForGreatness,sports,1014,182,48
343,Mindset is the game-changer in sports. Positive thoughts lead to powerful performances on the field. ğŸ§ ğŸ’¥ #PositiveMindset,sports,9627,138,44
344,Sports are a symphony of strategy and skill. Every move contributes to the beautiful melody of the game. ğŸµğŸ€ #SportsSymphony,sports,2813,129,46
345,"Fueling the body, training the mind. A disciplined approach is the key to peak performance. ğŸ¥—ğŸ§  #DisciplineInSports",sports,1877,129,35
346,Victory is sweetest when it's shared with teammates. Teamwork turns dreams into reality. ğŸ†ğŸ¤ #TeamVictory,sports,6220,126,89
347,Game day is an opportunity to shine. Let your hard work on the field reflect your dedication. âš¾ï¸ğŸŒŸ #GameDayReady,sports,7572,127,40
348,"Strive for progress, not perfection. Sports teach us that improvement is a continuous journey. ğŸ”„ğŸ’ª #ProgressOverPerfection",sports,9640,176,40
349,"Sports teach us lessons beyond the field. Discipline, teamwork, and perseverance are lifelong skills. ğŸ€ğŸŒŸ #LifeSkills",sports,6987,125,30
350,Champions are made during the off-season. The dedication to training when no one is watching sets them apart. ğŸ’ªğŸ‹ï¸â€â™‚ï¸ #OffSeasonGrind,sports,4619,171,48
351,Fueling up with determination to conquer new heights in sports. Set high goals and go after them! ğŸš€ğŸ¹ #DeterminedAthlete,sports,1547,127,36
352,The field is where dreams take flight. Dedication and passion are the wings that carry athletes to success. âš½ï¸ğŸ•Šï¸ #DreamSoar,sports,9798,126,31
353,Sports are a journey of self-discovery. Finding strength and resilience in every challenge. ğŸš´â€â™€ï¸ğŸ’ª #SelfDiscovery,sports,4986,173,33
354,Success in sports is not just about physical strength but mental resilience. Train the mind as you train the body. ğŸ§ ğŸ’ª #MentalStrength,sports,6897,170,41
355,"The gym is my sanctuary, and every lift is a step towards strength and endurance. ğŸ‹ï¸â€â™€ï¸ğŸ’ª #GymMotivation",sports,5399,172,35
356,"Game face on, ready for the challenges ahead. Focus and determination are the keys to victory. ğŸ’ğŸ”¥ #GameFace",sports,9691,129,27
357,"Sports teach us that every second counts. Cherish the moments, give your all, and leave no regrets on the field. â±ï¸ğŸˆ #TimeIsNow",sports,7636,121,46
358,Victory is not just about winning on the scoreboard but conquering personal limits. Set your own records. ğŸ†ğŸš´â€â™‚ï¸ #PersonalVictory,sports,1066,118,42
359,The track is where dedication meets speed. Striving for personal bests with every sprint. ğŸƒâ€â™€ï¸ğŸ’¨ #TrackAndFieldGoals,sports,7098,129,37
360,"Teamwork is the foundation of every triumph. United we stand, divided we fall. ğŸ¤ğŸ€ #TeamworkMakesTheDreamWork",sports,4656,124,39
361,"Success in sports is not given; it's earned through hours of practice, sweat, and determination. ğŸ’ªğŸ€ #EarnedSuccess",sports,6423,182,46
362,"Every practice is a chance to refine skills, improve, and inch closer to excellence. ğŸ“ğŸ¯ #PracticeToPerfect",sports,5438,123,38
363,Fueling the passion for the game with dedication and hard work. Success is the reward for relentless effort. âš½ï¸ğŸ† #PassionInSports,sports,1873,123,40
364,"In sports, resilience is the key to overcoming setbacks. Bouncing back stronger after every defeat. ğŸ’ªğŸ”¥ #ResilienceInSports",sports,2837,180,38
365,Sports teach us to celebrate victories humbly and learn from defeats graciously. ğŸ†ğŸ™ #Sportsmanship,sports,9072,142,34
366,Chasing dreams and breaking barriers on the field. Limits are meant to be surpassed. ğŸŒŸğŸ€ #DreamChaser,sports,1609,133,42
367,"Game day is a canvas, and every play is a stroke of strategy. Creativity meets competition on the field. ğŸ’ğŸ¨ #GameDayArt",sports,6952,141,42
368,Fueling up with determination and commitment. The path to success is paved with hard work and resilience. ğŸ’ªğŸ”¥ #DeterminedAthlete,sports,8002,169,46
369,Champions are not born; they are made through perseverance and a relentless pursuit of greatness. ğŸ†ğŸ’ª #ChampionMindset,sports,8442,166,35
370,"Sports are more than competition; they're a celebration of passion, dedication, and the pursuit of excellence. âš½ï¸ğŸ‰ #SportsCelebration",sports,2506,131,41
371,"In the realm of sports, every challenge is an opportunity to prove resilience and determination. ğŸ’ªğŸ”¥ #ChallengeAccepted",sports,548,178,37
372,Striving for excellence on and off the field. Sports teach us valuable life lessons that extend beyond the game. ğŸŒŸğŸ€ #BeyondTheGame,sports,9889,139,43
373,"Success in sports is a journey filled with sacrifices, setbacks, and ultimately, triumphs. Enjoy every step of the way. ğŸ…ğŸŒŸ #JourneyToSuccess",sports,1854,123,36
374,"Game day is the culmination of hard work, dedication, and a passion for the sport. Ready to give it my all! âš¾ï¸ğŸ”¥ #GameDayReady",sports,7229,147,39
375,Sports teach us that setbacks are setups for comebacks. Every defeat is a stepping stone to victory. ğŸ’ªğŸ€ #ComebackStronger,sports,4735,177,41
376,Striving for precision and finesse in every move on the field. Sports is an art of skillful execution.,sports,7558,65,14
377,Team strategy is the chessboard of sports. Every play is a calculated move towards victory.,sports,2412,61,6
378,"The essence of sportsmanship lies in mutual respect, fair play, and acknowledging opponents' efforts.",sports,3696,63,12
379,"Sports success is a tapestry woven with dedication, commitment, and the desire to improve.",sports,2456,77,18
380,Challenges in sports are stepping stones to personal growth. Resilience is the key to overcoming hurdles.,sports,4859,75,10
381,The synergy of a sports team is a powerful force. Teammates working in harmony achieve greatness.,sports,9560,62,16
382,Endurance and perseverance are the pillars of athletic achievement. Success is built through persistent effort.,sports,9131,65,8
383,Victory in sports is not just a triumph on the scoreboard; it's a testament to hard work and preparation.,sports,1744,74,8
384,"The journey of an athlete is marked by milestones and lessons, shaping a path towards excellence.",sports,433,66,14
385,Team dynamics in sports create a bond that goes beyond the playing field. It's a shared journey to success.,sports,9743,69,66
386,"The psychology of a champion involves a positive mindset, embracing challenges, and continuous improvement.",sports,4768,72,9
387,"Sports are a canvas where skills and tactics are painted, creating a masterpiece of athletic prowess.",sports,6548,58,6
388,"Facing defeat in sports teaches valuable lessons â€“ resilience, adaptability, and the drive to come back stronger.",sports,5931,60,6
389,Success in sports is not just about achieving goals but also about the character developed along the way.,sports,7835,70,18
390,"Building endurance in sports requires mental fortitude, pushing boundaries, and a relentless spirit.",sports,3176,84,13
391,"Team camaraderie is the heartbeat of sports. Together, athletes amplify their strengths and triumph.",sports,9648,76,12
392,"Beyond the physical, sports instill discipline and focus, shaping individuals into well-rounded competitors.",sports,3473,77,5
393,"Every athlete's story is a narrative of growth, setbacks, and the pursuit of excellence. Keep pushing forward.",sports,2804,62,14
394,"The strategy in sports is a chess game, requiring foresight, quick thinking, and flawless execution.",sports,3613,66,2
395,"In the face of adversity, champions in sports rise above, fueled by determination and unwavering resolve.",sports,9366,59,8
396,"Sports offer a canvas where athletes paint moments of brilliance through skill, strategy, and precision.",sports,2571,78,8
397,"Training sessions in sports are the proving grounds where champions are molded, honing skills for victory.",sports,7900,67,7
398,"Sportsmanship is the hallmark of true competitors, showcasing integrity, respect, and fair play.",sports,1132,59,6
399,"Athletic success is a culmination of preparation, dedication, and the relentless pursuit of improvement.",sports,5095,56,5
400,"The journey of an athlete is a tapestry woven with grit, passion, and the pursuit of personal excellence.",sports,8604,53,5
401,Team dynamics in sports create a collective strength that elevates every individual's performance.,sports,8143,67,17
402,"Sports are a testament to the human spirit's resilience, constantly pushing boundaries for greater achievements.",sports,4527,57,7
403,"In sports, success is earned through hard work, dedication, and the unwavering pursuit of greatness.",sports,8054,74,5
404,"The strategy in sports is an intricate dance of tactics, coordination, and executing plays with precision.",sports,542,55,4
405,Endurance in sports is not just physical; it's a mental fortitude that enables athletes to push through challenges.,sports,8341,73,11
406,"Teamwork in sports is a symphony of collaboration, where each player contributes to the collective harmony.",sports,3509,68,10
407,"Success in sports is a reflection of discipline, preparation, and the relentless pursuit of improvement.",sports,434,63,11
408,"Sportsmanship goes beyond victories, encompassing respect, fair play, and a gracious acknowledgment of opponents.",sports,5023,74,6
409,"The journey of an athlete is marked by resilience, adapting to challenges, and emerging stronger with each hurdle.",sports,3330,64,7
410,"Victory in sports is the result of meticulous preparation, strategic execution, and unwavering determination.",sports,7866,62,13
411,"The dynamic synergy of a sports team is a powerful force, propelling them towards collective success.",sports,7122,59,15
412,"Sports teach valuable life lessons â€“ discipline, teamwork, and resilience, shaping individuals for success.",sports,1024,71,2
413,"Athletic success is the culmination of effort, perseverance, and a continual quest for personal improvement.",sports,6382,63,13
414,"Sports strategy is a delicate balance of calculated moves, anticipating the opponent's actions, and quick decision-making.",sports,870,64,16
415,"In the arena of sports, every setback is an opportunity for a comeback, a chance to rise stronger.",sports,8784,77,17
416,"Team chemistry in sports is the invisible thread that binds individuals, creating a formidable collective force.",sports,3943,79,13
417,"Success in sports is a testament to hard work, dedication, and the relentless pursuit of improvement.",sports,9981,56,19
418,"Sportsmanship is the cornerstone of fair competition, embodying respect, integrity, and the spirit of the game.",sports,7910,72,11
419,"The journey of an athlete is a mosaic of dedication, setbacks, and the continual pursuit of excellence.",sports,9114,55,18
420,"Sports success is sculpted through discipline, preparation, and the tenacity to overcome challenges.",sports,8875,62,1
421,Team dynamics in sports create a synergy where individuals combine their strengths to achieve collective greatness.,sports,3955,54,6
422,"Victory in sports is not just about winning; it's a celebration of preparation, strategy, and execution.",sports,5322,54,15
423,"In the world of sports, every athlete's journey is a narrative of growth, resilience, and personal development.",sports,3649,72,12
424,Exciting times in tech! Unveiling the new MacBook Pro with M1 Pro chip. ğŸš€ğŸ’» #MacBookPro,tech,2774,86,48
425,Just upgraded to the latest iPhone 13! ğŸ“± Loving the sleek design and advanced camera features.,tech,8000,77,31
426,Exploring the world of virtual reality with the Oculus Quest 2. ğŸ•¶ï¸ğŸ® #VR #OculusQuest2,tech,3648,66,55
427,Upgrade complete! Using the Logitech MX Master 3 for ultimate productivity. ğŸ–±ï¸ğŸ’¼ #Logitech,tech,8385,65,51
428,Diving into smart home tech with the Google Nest Hub. ğŸ¡ğŸ—£ï¸ #GoogleNest #SmartHome,tech,7850,74,65
429,Rocking the AirPods Pro for an immersive audio experience. ğŸ§ğŸ”Š #AirPodsPro,tech,6345,66,59
430,Unleashing 5G power with the Samsung Galaxy S21. âš¡ğŸ“± #SamsungGalaxyS21 #5G,tech,4482,72,57
431,Geeking out with the Raspberry Pi 4 on a new DIY project. ğŸ¥§ğŸ”§ #RaspberryPi #TechGeek,tech,2753,75,53
432,Setting up the ultimate gaming rig with NVIDIA GeForce RTX 3080. ğŸ®ğŸš€ #NVIDIAGeForce #RTX3080,tech,9935,59,67
433,Embracing wireless charging with the Apple MagSafe Charger. ğŸ”‹ğŸ“± #MagSafe #WirelessCharging,tech,3127,78,57
434,Just got the DJI Mini 2 drone! Ready to capture breathtaking aerial views. ğŸšğŸ“¸,tech,2427,78,30
435,Upgraded to the Philips Hue smart lights for a customizable home lighting experience. ğŸ’¡ğŸ ,tech,3713,73,17
436,Testing the capabilities of the AMD Ryzen 9 processor. Speed and performance on another level.,tech,2333,8,29
437,Exploring the features of the Samsung Odyssey G9 gaming monitor. A curved gaming experience! ğŸ®ğŸ”„,tech,1588,66,33
438,Setting up the Oculus Rift S for an immersive VR gaming session. Virtual reality at its best! ğŸ•¹ï¸ğŸŒ,tech,5587,75,18
439,Upgraded to the Apple Watch Series 7 for advanced health tracking and fitness features. âŒšğŸƒâ€â™‚ï¸,tech,6413,73,21
440,New Wi-Fi 6 router installed! Enjoying faster and more reliable internet speeds. ğŸ“¡ğŸ’»,tech,3172,79,33
441,Configuring the Raspberry Pi 4 for various DIY projects. A world of possibilities! ğŸ”§ğŸ¤–,tech,4306,72,27
442,Unboxed the latest NVIDIA graphics card for an enhanced gaming experience. Graphics on point! ğŸ®ğŸ”¶,tech,2698,59,20
443,Building a smart home ecosystem with Philips Hue smart lights. Customizable lighting solutions! ğŸ’¡ğŸ ,tech,376,70,30
444,Excited to explore the world of AMD Ryzen processors. Power-packed performance awaits! âš™ï¸ğŸ’»,tech,7277,79,25
445,Just set up the Amazon Echo for a voice-controlled smart home experience. ğŸ¡ğŸ—£ï¸ #AmazonEcho,tech,4207,69,59
446,Upgraded the home network with the latest Wi-Fi 6 router. Faster and more reliable internet! ğŸ“¡ğŸ’»,tech,3379,61,21
447,Configuring the Raspberry Pi 4 for various DIY projects. A world of possibilities! ğŸ”§ğŸ¤–,tech,6627,78,27
448,Unboxed the latest NVIDIA graphics card for an enhanced gaming experience. Graphics on point! ğŸ®ğŸ”¶,tech,3123,67,30
449,Building a smart home ecosystem with Philips Hue smart lights. Customizable lighting solutions! ğŸ’¡ğŸ ,tech,6680,81,32
450,Excited to explore the world of AMD Ryzen processors. Power-packed performance awaits! âš™ï¸ğŸ’»,tech,2117,76,29
451,Just set up the Amazon Echo for a voice-controlled smart home experience. ğŸ¡ğŸ—£ï¸ #AmazonEcho,tech,192,71,68
452,Upgraded the home network with the latest Wi-Fi 6 router. Faster and more reliable internet! ğŸ“¡ğŸ’»,tech,6273,63,33
453,Configuring the Raspberry Pi 4 for various DIY projects. A world of possibilities! ğŸ”§ğŸ¤–,tech,5298,85,22
454,Unboxed the latest NVIDIA graphics card for an enhanced gaming experience. Graphics on point! ğŸ®ğŸ”¶,tech,5944,69,27
455,Building a smart home ecosystem with Philips Hue smart lights. Customizable lighting solutions! ğŸ’¡ğŸ ,tech,3052,76,20
456,Excited to explore the world of AMD Ryzen processors. Power-packed performance awaits! âš™ï¸ğŸ’»,tech,6727,72,21
457,Just set up the Amazon Echo for a voice-controlled smart home experience. ğŸ¡ğŸ—£ï¸ #AmazonEcho,tech,361,67,60
458,Upgraded the home network with the latest Wi-Fi 6 router. Faster and more reliable internet! ğŸ“¡ğŸ’»,tech,9441,86,21
459,Configuring the Raspberry Pi 4 for various DIY projects. A world of possibilities! ğŸ”§ğŸ¤–,tech,1738,74,29
460,Unboxed the latest NVIDIA graphics card for an enhanced gaming experience. Graphics on point! ğŸ®ğŸ”¶,tech,9385,70,18
461,Building a smart home ecosystem with Philips Hue smart lights. Customizable lighting solutions! ğŸ’¡ğŸ ,tech,1050,60,28
462,Excited to explore the world of AMD Ryzen processors. Power-packed performance awaits! âš™ï¸ğŸ’»,tech,9593,71,30
463,Just set up the Amazon Echo for a voice-controlled smart home experience. ğŸ¡ğŸ—£ï¸ #AmazonEcho,tech,1348,80,53
464,Upgraded the home network with the latest Wi-Fi 6 router. Faster and more reliable internet! ğŸ“¡ğŸ’»,tech,9338,56,25
465,Configuring the Raspberry Pi 4 for various DIY projects. A world of possibilities! ğŸ”§ğŸ¤–,tech,8206,79,32
466,Unboxed the latest NVIDIA graphics card for an enhanced gaming experience. Graphics on point! ğŸ®ğŸ”¶,tech,8308,54,22
467,Building a smart home ecosystem with Philips Hue smart lights. Customizable lighting solutions! ğŸ’¡ğŸ ,tech,9313,81,24
468,Excited to explore the world of AMD Ryzen processors. Power-packed performance awaits! âš™ï¸ğŸ’»,tech,6980,78,28
469,Just set up the Amazon Echo for a voice-controlled smart home experience. ğŸ¡ğŸ—£ï¸ #AmazonEcho,tech,4472,79,62
470,Upgraded the home network with the latest Wi-Fi 6 router. Faster and more reliable internet! ğŸ“¡ğŸ’»,tech,2236,72,17
471,Configuring the Raspberry Pi 4 for various DIY projects. A world of possibilities! ğŸ”§ğŸ¤–,tech,4347,69,24
472,Unboxed the latest NVIDIA graphics card for an enhanced gaming experience. Graphics on point! ğŸ®ğŸ”¶,tech,3382,53,29
473,Building a smart home ecosystem with Philips Hue smart lights. Customizable lighting solutions! ğŸ’¡ğŸ ,tech,6051,61,36
474,Excited to explore the world of AMD Ryzen processors. Power-packed performance awaits! âš™ï¸ğŸ’»,tech,6154,77,27
475,Just set up the Amazon Echo for a voice-controlled smart home experience. ğŸ¡ğŸ—£ï¸ #AmazonEcho,tech,8135,65,64
476,Upgraded the home network with the latest Wi-Fi 6 router. Faster and more reliable internet! ğŸ“¡ğŸ’»,tech,9823,68,29
477,Configuring the Raspberry Pi 4 for various DIY projects. A world of possibilities! ğŸ”§ğŸ¤–,tech,7737,80,32
478,Unboxed the latest NVIDIA graphics card for an enhanced gaming experience. Graphics on point! ğŸ®ğŸ”¶,tech,9380,75,18
479,Building a smart home ecosystem with Philips Hue smart lights. Customizable lighting solutions! ğŸ’¡ğŸ ,tech,6987,59,29
480,Excited to explore the world of AMD Ryzen processors. Power-packed performance awaits! âš™ï¸ğŸ’»,tech,3680,79,29
481,Just set up the Amazon Echo for a voice-controlled smart home experience. ğŸ¡ğŸ—£ï¸ #AmazonEcho,tech,5776,70,48
482,Upgraded the home network with the latest Wi-Fi 6 router. Faster and more reliable internet! ğŸ“¡ğŸ’»,tech,6052,65,22
483,Configuring the Raspberry Pi 4 for various DIY projects. A world of possibilities! ğŸ”§ğŸ¤–,tech,5762,74,27
484,Unboxed the latest NVIDIA graphics card for an enhanced gaming experience. Graphics on point! ğŸ®ğŸ”¶,tech,1165,56,25
485,Building a smart home ecosystem with Philips Hue smart lights. Customizable lighting solutions! ğŸ’¡ğŸ ,tech,2015,53,32
486,Excited to explore the world of AMD Ryzen processors. Power-packed performance awaits! âš™ï¸ğŸ’»,tech,6373,76,21
487,Just set up the Amazon Echo for a voice-controlled smart home experience. ğŸ¡ğŸ—£ï¸ #AmazonEcho,tech,8748,76,60
488,Upgraded the home network with the latest Wi-Fi 6 router. Faster and more reliable internet! ğŸ“¡ğŸ’»,tech,9261,81,28
489,Configuring the Raspberry Pi 4 for various DIY projects. A world of possibilities! ğŸ”§ğŸ¤–,tech,9171,69,17
490,Unboxed the latest NVIDIA graphics card for an enhanced gaming experience. Graphics on point! ğŸ®ğŸ”¶,tech,9102,79,31
491,Building a smart home ecosystem with Philips Hue smart lights. Customizable lighting solutions! ğŸ’¡ğŸ ,tech,7972,58,32
492,Excited to explore the world of AMD Ryzen processors. Power-packed performance awaits! âš™ï¸ğŸ’»,tech,8289,75,23
493,Just set up the Amazon Echo for a voice-controlled smart home experience. ğŸ¡ğŸ—£ï¸ #AmazonEcho,tech,5547,73,45
494,Upgraded the home network with the latest Wi-Fi 6 router. Faster and more reliable internet! ğŸ“¡ğŸ’»,tech,5673,68,25
495,Configuring the Raspberry Pi 4 for various DIY projects. A world of possibilities! ğŸ”§ğŸ¤–,tech,528,78,32
496,Unboxed the latest NVIDIA graphics card for an enhanced gaming experience. Graphics on point! ğŸ®ğŸ”¶,tech,1808,53,25
497,Building a smart home ecosystem with Philips Hue smart lights. Customizable lighting solutions! ğŸ’¡ğŸ ,tech,5841,66,32
498,Excited to explore the world of AMD Ryzen processors. Power-packed performance awaits! âš™ï¸ğŸ’»,tech,9426,75,29
499,Just set up the Amazon Echo for a voice-controlled smart home experience. ğŸ¡ğŸ—£ï¸ #AmazonEcho,tech,2430,81,48
500,Upgraded the home network with the latest Wi-Fi 6 router. Faster and more reliable internet! ğŸ“¡ğŸ’»,tech,2301,61,23
501,Configuring the Raspberry Pi 4 for various DIY projects. A world of possibilities! ğŸ”§ğŸ¤–,tech,9221,74,26
502,Unboxed the latest NVIDIA graphics card for an enhanced gaming experience. Graphics on point! ğŸ®ğŸ”¶,tech,6139,71,33
503,Building a smart home ecosystem with Philips Hue smart lights. Customizable lighting solutions! ğŸ’¡ğŸ ,tech,3677,68,26
504,Excited to explore the world of AMD Ryzen processors. Power-packed performance awaits! âš™ï¸ğŸ’»,tech,9196,83,27
505,Just set up the Amazon Echo for a voice-controlled smart home experience. ğŸ¡ğŸ—£ï¸ #AmazonEcho,tech,8095,68,64
506,Upgraded the home network with the latest Wi-Fi 6 router. Faster and more reliable internet! ğŸ“¡ğŸ’»,tech,2725,65,31
507,Configuring the Raspberry Pi 4 for various DIY projects. A world of possibilities! ğŸ”§ğŸ¤–,tech,4881,79,34
508,Unboxed the latest NVIDIA graphics card for an enhanced gaming experience. Graphics on point! ğŸ®ğŸ”¶,tech,8380,73,23
509,Building a smart home ecosystem with Philips Hue smart lights. Customizable lighting solutions! ğŸ’¡ğŸ ,tech,1527,79,21
510,Excited to explore the world of AMD Ryzen processors. Power-packed performance awaits! âš™ï¸ğŸ’»,tech,9401,70,33
511,Just set up the Amazon Echo for a voice-controlled smart home experience. ğŸ¡ğŸ—£ï¸ #AmazonEcho,tech,1702,70,68
512,Upgraded the home network with the latest Wi-Fi 6 router. Faster and more reliable internet! ğŸ“¡ğŸ’»,tech,2627,61,30
513,Configuring the Raspberry Pi 4 for various DIY projects. A world of possibilities! ğŸ”§ğŸ¤–,tech,3940,70,28
514,Unboxed the latest NVIDIA graphics card for an enhanced gaming experience. Graphics on point! ğŸ®ğŸ”¶,tech,961,66,20
515,Building a smart home ecosystem with Philips Hue smart lights. Customizable lighting solutions! ğŸ’¡ğŸ ,tech,9563,59,18
516,Excited to explore the world of AMD Ryzen processors. Power-packed performance awaits! âš™ï¸ğŸ’»,tech,767,83,23
517,Just set up the Amazon Echo for a voice-controlled smart home experience. ğŸ¡ğŸ—£ï¸ #AmazonEcho,tech,7253,70,53
518,Upgraded the home network with the latest Wi-Fi 6 router. Faster and more reliable internet! ğŸ“¡ğŸ’»,tech,2669,50,23
519,Configuring the Raspberry Pi 4 for various DIY projects. A world of possibilities! ğŸ”§ğŸ¤–,tech,865,74,34
520,Unboxed the latest NVIDIA graphics card for an enhanced gaming experience. Graphics on point! ğŸ®ğŸ”¶,tech,9540,58,21
521,Building a smart home ecosystem with Philips Hue smart lights. Customizable lighting solutions! ğŸ’¡ğŸ ,tech,5824,76,36
522,Excited to explore the world of AMD Ryzen processors. Power-packed performance awaits! âš™ï¸ğŸ’»,tech,9994,85,29
523,Just set up the Amazon Echo for a voice-controlled smart home experience. ğŸ¡ğŸ—£ï¸ #AmazonEcho,tech,8385,74,52
524,Upgraded the home network with the latest Wi-Fi 6 router. Faster and more reliable internet! ğŸ“¡ğŸ’»,tech,1116,71,34
525,Configuring the Raspberry Pi 4 for various DIY projects. A world of possibilities! ğŸ”§ğŸ¤–,tech,8766,82,22
526,Unboxed the latest NVIDIA graphics card for an enhanced gaming experience. Graphics on point! ğŸ®ğŸ”¶,tech,8214,75,27
527,Building a smart home ecosystem with Philips Hue smart lights. Customizable lighting solutions! ğŸ’¡ğŸ ,tech,101,65,20
528,Excited to explore the world of AMD Ryzen processors. Power-packed performance awaits! âš™ï¸ğŸ’»,tech,7,78,24
529,Just set up the Amazon Echo for a voice-controlled smart home experience. ğŸ¡ğŸ—£ï¸ #AmazonEcho,tech,97,63,58
530,Upgraded the home network with the latest Wi-Fi 6 router. Faster and more reliable internet! ğŸ“¡ğŸ’»,tech,7296,58,26
531,Configuring the Raspberry Pi 4 for various DIY projects. A world of possibilities! ğŸ”§ğŸ¤–,tech,8537,73,33
532,Unboxed the latest NVIDIA graphics card for an enhanced gaming experience. Graphics on point! ğŸ®ğŸ”¶,tech,4430,71,32
533,Building a smart home ecosystem with Philips Hue smart lights. Customizable lighting solutions! ğŸ’¡ğŸ ,tech,6109,67,25
